,Symbol,Security,SEC filings,GICS Sector,GICS Sub-Industry,Headquarters Location,Date first added,CIK,Founded
0,MMM,3M Company,reports,Industrials,Industrial Conglomerates,"St. Paul, Minnesota",1976-08-09,0000066740,1902
1,ABT,Abbott Laboratories,reports,Health Care,Health Care Equipment,"North Chicago, Illinois",1964-03-31,0000001800,1888
2,ABBV,AbbVie Inc.,reports,Health Care,Pharmaceuticals,"North Chicago, Illinois",2012-12-31,0001551152,2013 (1888)
3,ABMD,ABIOMED Inc,reports,Health Care,Health Care Equipment,"Danvers, Massachusetts",2018-05-31,0000815094,1981
4,ACN,Accenture plc,reports,Information Technology,IT Consulting & Other Services,"Dublin, Ireland",2011-07-06,0001467373,1989
5,ATVI,Activision Blizzard,reports,Communication Services,Interactive Home Entertainment,"Santa Monica, California",2015-08-31,0000718877,2008
6,ADBE,Adobe Inc.,reports,Information Technology,Application Software,"San Jose, California",1997-05-05,0000796343,1982
7,AMD,Advanced Micro Devices Inc,reports,Information Technology,Semiconductors,"Santa Clara, California",2017-03-20,0000002488,1969
8,AAP,Advance Auto Parts,reports,Consumer Discretionary,Automotive Retail,"Raleigh, North Carolina",2015-07-09,0001158449,1932
9,AES,AES Corp,reports,Utilities,Independent Power Producers & Energy Traders,"Arlington, Virginia",1998-10-02,0000874761,1981
10,AFL,AFLAC Inc,reports,Financials,Life & Health Insurance,"Columbus, Georgia",1999-05-28,0000004977,1955
11,A,Agilent Technologies Inc,reports,Health Care,Health Care Equipment,"Santa Clara, California",2000-06-05,0001090872,1999
12,APD,Air Products & Chemicals Inc,reports,Materials,Industrial Gases,"Allentown, Pennsylvania",1985-04-30,0000002969,1940
13,AKAM,Akamai Technologies Inc,reports,Information Technology,Internet Services & Infrastructure,"Cambridge, Massachusetts",2007-07-12,0001086222,1998
14,ALK,Alaska Air Group Inc,reports,Industrials,Airlines,"Seattle, Washington",2016-05-13,0000766421,1985
15,ALB,Albemarle Corp,reports,Materials,Specialty Chemicals,"Charlotte, North Carolina",2016-07-01,0000915913,1994
16,ARE,Alexandria Real Estate Equities,reports,Real Estate,Office REITs,"Pasadena, California",2017-03-20,0001035443,1994
17,ALXN,Alexion Pharmaceuticals,reports,Health Care,Biotechnology,"Boston, Massachusetts",2012-05-25,0000899866,1992
18,ALGN,Align Technology,reports,Health Care,Health Care Supplies,"San Jose, California",2017-06-19,0001097149,1997
19,ALLE,Allegion,reports,Industrials,Building Products,"Dublin, Ireland",2013-12-02,0001579241,1908
20,LNT,Alliant Energy Corp,reports,Utilities,Electric Utilities,"Madison, Wisconsin",2016-07-01,0000352541,1917
21,ALL,Allstate Corp,reports,Financials,Property & Casualty Insurance,"Northfield Township, Illinois",1995-07-13,0000899051,1931
22,GOOGL,Alphabet Inc. (Class A),reports,Communication Services,Interactive Media & Services,"Mountain View, California",2014-04-03,0001652044,1998
23,GOOG,Alphabet Inc. (Class C),reports,Communication Services,Interactive Media & Services,"Mountain View, California",2006-04-03,0001652044,1998
24,MO,Altria Group Inc,reports,Consumer Staples,Tobacco,"Richmond, Virginia",1957-03-04,0000764180,1985
25,AMZN,Amazon.com Inc.,reports,Consumer Discretionary,Internet & Direct Marketing Retail,"Seattle, Washington",2005-11-18,0001018724,1994
26,AMCR,Amcor plc,reports,Materials,Paper Packaging,"Warmley, Bristol, United Kingdom",2019-06-07,0001748790,2019 (1860)
27,AEE,Ameren Corp,reports,Utilities,Multi-Utilities,"St. Louis, Missouri",1991-09-19,0001002910,1902
28,AAL,American Airlines Group,reports,Industrials,Airlines,"Fort Worth, Texas",2015-03-23,0000006201,1934
29,AEP,American Electric Power,reports,Utilities,Electric Utilities,"Columbus, Ohio",1957-03-04,0000004904,1906
30,AXP,American Express Co,reports,Financials,Consumer Finance,"New York, New York",1976-06-30,0000004962,1850
31,AIG,American International Group,reports,Financials,Property & Casualty Insurance,"New York, New York",1980-03-31,0000005272,1919
32,AMT,American Tower Corp.,reports,Real Estate,Specialized REITs,"Boston, Massachusetts",2007-11-19,0001053507,1995
33,AWK,American Water Works Company Inc,reports,Utilities,Water Utilities,"Camden, New Jersey",2016-03-04,0001410636,1886
34,AMP,Ameriprise Financial,reports,Financials,Asset Management & Custody Banks,"Minneapolis, Minnesota",2005-10-03,0000820027,1894
35,ABC,AmerisourceBergen Corp,reports,Health Care,Health Care Distributors,"Chesterbrook, Pennsylvania",2001-08-30,0001140859,1985
36,AME,AMETEK Inc.,reports,Industrials,Electrical Components & Equipment,"Berwyn, Pennsylvania",2013-09-23,0001037868,1930
37,AMGN,Amgen Inc.,reports,Health Care,Biotechnology,"Thousand Oaks, California",1992-01-02,0000318154,1980
38,APH,Amphenol Corp,reports,Information Technology,Electronic Components,"Wallingford, Connecticut",2008-09-30,0000820313,1932
39,ADI,"Analog Devices, Inc.",reports,Information Technology,Semiconductors,"Norwood, Massachusetts",1999-10-12,0000006281,1965
40,ANSS,ANSYS,reports,Information Technology,Application Software,"Canonsburg, Pennsylvania",2017-06-19,0001013462,1969
41,ANTM,Anthem,reports,Health Care,Managed Health Care,"Indianapolis, Indiana",2002-07-25,0001156039,2014 (1940s)
42,AON,Aon plc,reports,Financials,Insurance Brokers,"London, United Kingdom",1996-04-23,0000315293,1982 (1919)
43,AOS,A.O. Smith Corp,reports,Industrials,Building Products,"Milwaukee, Wisconsin",2017-07-26,0000091142,1916
44,APA,Apache Corporation,reports,Energy,Oil & Gas Exploration & Production,"Houston, Texas",1997-07-28,0000006769,1954
45,AIV,Apartment Investment & Management,reports,Real Estate,Residential REITs,"Denver, Colorado",2003-03-14,0000922864,1994 (1975)
46,AAPL,Apple Inc.,reports,Information Technology,"Technology Hardware, Storage & Peripherals","Cupertino, California",1982-11-30,0000320193,1977
47,AMAT,Applied Materials Inc.,reports,Information Technology,Semiconductor Equipment,"Santa Clara, California",1995-03-16,0000006951,1967
48,APTV,Aptiv PLC,reports,Consumer Discretionary,Auto Parts & Equipment,"Dublin, Ireland",2012-12-24,0001521332,1994
49,ADM,Archer-Daniels-Midland Co,reports,Consumer Staples,Agricultural Products,"Chicago, Illinois",1981-07-29,0000007084,1902
50,ANET,Arista Networks,reports,Information Technology,Communications Equipment,"Santa Clara, California",2018-08-28,0001596532,2004
51,AJG,Arthur J. Gallagher & Co.,reports,Financials,Insurance Brokers,"Itasca, Illinois",2016-05-31,0000354190,1927
52,AIZ,Assurant,reports,Financials,Multi-line Insurance,"New York, New York",2007-04-10,0001267238,1892
53,T,AT&T Inc.,reports,Communication Services,Integrated Telecommunication Services,"Dallas, Texas",1983-11-30 (1957-03-04),0000732717,1983 (1885)
54,ATO,Atmos Energy,reports,Utilities,Gas Utilities,"Dallas, Texas",2019-02-15,0000731802,1906
55,ADSK,Autodesk Inc.,reports,Information Technology,Application Software,"San Rafael, California",1989-12-01,0000769397,1982
56,ADP,Automatic Data Processing,reports,Information Technology,Internet Services & Infrastructure,"Roseland, New Jersey",1981-03-31,0000008670,1949
57,AZO,AutoZone Inc,reports,Consumer Discretionary,Specialty Stores,"Memphis, Tennessee",1997-01-02,0000866787,1979
58,AVB,AvalonBay Communities,reports,Real Estate,Residential REITs,"Arlington, Virginia[3]",2007-01-10,0000915912,1978
59,AVY,Avery Dennison Corp,reports,Materials,Paper Packaging,"Glendale, California",1987-12-31,0000008818,1990
60,BKR,Baker Hughes Co,reports,Energy,Oil & Gas Equipment & Services,"Houston, Texas",2017-07-07,0001701605,2017
61,BLL,Ball Corp,reports,Materials,Metal & Glass Containers,"Broomfield, Colorado",1984-10-31,0000009389,1880
62,BAC,Bank of America Corp,reports,Financials,Diversified Banks,"Charlotte, North Carolina",1976-06-30,0000070858,1998 (1923 / 1874)
63,BK,The Bank of New York Mellon,reports,Financials,Asset Management & Custody Banks,"New York, New York",1995-03-31,0001390777,1784
64,BAX,Baxter International Inc.,reports,Health Care,Health Care Equipment,"Deerfield, Illinois",1972-09-30,0000010456,1931
65,BDX,Becton Dickinson,reports,Health Care,Health Care Equipment,"Franklin Lakes, New Jersey",1972-09-30,0000010795,1897
66,BRK.B,Berkshire Hathaway,reports,Financials,Multi-Sector Holdings,"Omaha, Nebraska",2010-02-16,0001067983,1839
67,BBY,Best Buy Co. Inc.,reports,Consumer Discretionary,Computer & Electronics Retail,"Richfield, Minnesota",1999-06-29,0000764478,1966
68,BIO,Bio-Rad Laboratories,reports,Health Care,Life Sciences Tools & Services,"Hercules, California",2020-06-22,0000012208,1952
69,BIIB,Biogen Inc.,reports,Health Care,Biotechnology,"Cambridge, Massachusetts",2003-11-13,0000875045,1978
70,BLK,BlackRock,reports,Financials,Asset Management & Custody Banks,"New York, New York",2011-04-04,0001364742,1988
71,BA,Boeing Company,reports,Industrials,Aerospace & Defense,"Chicago, Illinois",1957-03-04,0000012927,1916
72,BKNG,Booking Holdings Inc,reports,Consumer Discretionary,Internet & Direct Marketing Retail,"Norwalk, Connecticut",2009-11-06,0001075531,1996
73,BWA,BorgWarner,reports,Consumer Discretionary,Auto Parts & Equipment,"Auburn Hills, Michigan",2011-12-19,0000908255,1880
74,BXP,Boston Properties,reports,Real Estate,Office REITs,"Boston, Massachusetts",2006-04-03,0001037540,1970
75,BSX,Boston Scientific,reports,Health Care,Health Care Equipment,"Marlborough, Massachusetts[4]",1995-02-24,0000885725,1979
76,BMY,Bristol-Myers Squibb,reports,Health Care,Health Care Distributors,"New York, New York",1957-03-04,0000014272,1989
77,AVGO,Broadcom Inc.,reports,Information Technology,Semiconductors,"San Jose, California",2014-05-08,0001730168,1961
78,BR,Broadridge Financial Solutions,reports,Information Technology,Data Processing & Outsourced Services,"Lake Success, New York",2018-06-18,0001383312,1962
79,BF.B,Brown-Forman Corp.,reports,Consumer Staples,Distillers & Vintners,"Louisville, Kentucky",1982-10-31,0000014693,1870
80,CHRW,C. H. Robinson Worldwide,reports,Industrials,Air Freight & Logistics,"Eden Prairie, Minnesota",2007-03-02,0001043277,1905
81,COG,Cabot Oil & Gas,reports,Energy,Oil & Gas Exploration & Production,"Houston, Texas",2008-06-23,0000858470,1989
82,CDNS,Cadence Design Systems,reports,Information Technology,Application Software,"San Jose, California",2017-09-18,0000813672,1988
83,CPB,Campbell Soup,reports,Consumer Staples,Packaged Foods & Meats,"Camden, New Jersey",1957-03-04,0000016732,1869
84,COF,Capital One Financial,reports,Financials,Consumer Finance,"Tysons Corner, Virginia",1998-07-01,0000927628,1935
85,CAH,Cardinal Health Inc.,reports,Health Care,Health Care Distributors,"Dublin, Ohio",1997-05-27,0000721371,1971
86,KMX,Carmax Inc,reports,Consumer Discretionary,Specialty Stores,"Richmond, Virginia",2010-06-28,0001170010,1993
87,CCL,Carnival Corp.,reports,Consumer Discretionary,"Hotels, Resorts & Cruise Lines","Miami, Florida",1998-12-22,0000815097,1972
88,CARR,Carrier Global,reports,Industrials,Building Products,"Palm Beach Gardens, Florida",2020-04-03,0001783180,2020 (1915)
89,CTLT,Catalent,reports,Health Care,Pharmaceuticals,"Somerset, New Jersey",2020-09-21,0001596783,2007
90,CAT,Caterpillar Inc.,reports,Industrials,Construction Machinery & Heavy Trucks,"Deerfield, Illinois",1957-03-04,0000018230,1925
91,CBOE,Cboe Global Markets,reports,Financials,Financial Exchanges & Data,"Chicago, Illinois",2017-03-01,0001374310,1973
92,CBRE,CBRE Group,reports,Real Estate,Real Estate Services,"Los Angeles, California",2006-11-10,0001138118,1906
93,CDW,CDW,reports,Information Technology,Technology Distributors,"Lincolnshire, Illinois",2019-09-23,0001402057,1984
94,CE,Celanese,reports,Materials,Specialty Chemicals,"Irving, Texas",2018-12-24,0001306830,1918
95,CNC,Centene Corporation,reports,Health Care,Managed Health Care,"St. Louis, Missouri",2016-03-30,0001071739,1984
96,CNP,CenterPoint Energy,reports,Utilities,Multi-Utilities,"Houston, Texas",1985-07-31,0001130310,1882
97,CERN,Cerner,reports,Health Care,Health Care Technology,"North Kansas City, Missouri",2010-04-30,0000804753,1979
98,CF,CF Industries Holdings Inc,reports,Materials,Fertilizers & Agricultural Chemicals,"Deerfield, Illinois",2008-08-27,0001324404,1946
99,SCHW,Charles Schwab Corporation,reports,Financials,Investment Banking & Brokerage,"San Francisco, California",1997-06-02,0000316709,1971
100,CHTR,Charter Communications,reports,Communication Services,Cable & Satellite,"Stamford, Connecticut",2016-09-08,0001091667,1993
101,CVX,Chevron Corp.,reports,Energy,Integrated Oil & Gas,"San Ramon, California",1957-03-04,0000093410,1879
102,CMG,Chipotle Mexican Grill,reports,Consumer Discretionary,Restaurants,"Newport Beach, California",2011-04-28,0001058090,1993
103,CB,Chubb Limited,reports,Financials,Property & Casualty Insurance,"Zurich, Switzerland",2010-07-15,0000896159,1985
104,CHD,Church & Dwight,reports,Consumer Staples,Household Products,"Ewing, New Jersey",2015-12-29,0000313927,1847
105,CI,CIGNA Corp.,reports,Health Care,Managed Health Care,"Bloomfield, Connecticut",1976-06-30,0001739940,1982
106,CINF,Cincinnati Financial,reports,Financials,Property & Casualty Insurance,"Fairfield, Ohio",1997-12-18,0000020286,1950
107,CTAS,Cintas Corporation,reports,Industrials,Diversified Support Services,"Mason, Ohio",2001-03-01,0000723254,1929
108,CSCO,Cisco Systems,reports,Information Technology,Communications Equipment,"San Jose, California",1993-12-01,0000858877,1984
109,C,Citigroup Inc.,reports,Financials,Diversified Banks,"New York, New York",1988-05-31,0000831001,1998
110,CFG,Citizens Financial Group,reports,Financials,Regional Banks,"Providence, Rhode Island",2016-01-29,0000759944,1828
111,CTXS,Citrix Systems,reports,Information Technology,Application Software,"Fort Lauderdale, Florida",1999-12-01,0000877890,1989
112,CLX,The Clorox Company,reports,Consumer Staples,Household Products,"Oakland, California",1969-03-31,0000021076,1913
113,CME,CME Group Inc.,reports,Financials,Financial Exchanges & Data,"Chicago, Illinois",2006-08-11,0001156375,1848
114,CMS,CMS Energy,reports,Utilities,Multi-Utilities,"Jackson, Michigan",1999-05-03,0000811156,1886
115,KO,Coca-Cola Company,reports,Consumer Staples,Soft Drinks,"Atlanta, Georgia",1957-03-04,0000021344,1886
116,CTSH,Cognizant Technology Solutions,reports,Information Technology,IT Consulting & Other Services,"Teaneck, New Jersey",2006-11-17,0001058290,1994
117,CL,Colgate-Palmolive,reports,Consumer Staples,Household Products,"New York, New York",1957-03-04,0000021665,1806
118,CMCSA,Comcast Corp.,reports,Communication Services,Cable & Satellite,"Philadelphia, Pennsylvania",2002-11-19,0001166691,1963
119,CMA,Comerica Inc.,reports,Financials,Diversified Banks,"Dallas, Texas",1995-12-01,0000028412,1849
120,CAG,Conagra Brands,reports,Consumer Staples,Packaged Foods & Meats,"Chicago, Illinois",1983-08-31,0000023217,1919
121,CXO,Concho Resources,reports,Energy,Oil & Gas Exploration & Production,"Midland, Texas",2016-02-22,0001358071,2004
122,COP,ConocoPhillips,reports,Energy,Oil & Gas Exploration & Production,"Houston, Texas",1957-03-04,0001163165,2002
123,ED,Consolidated Edison,reports,Utilities,Electric Utilities,"New York, New York",,0001047862,1823
124,STZ,Constellation Brands,reports,Consumer Staples,Distillers & Vintners,"Victor, New York",2005-07-01,0000016918,1945
125,COO,The Cooper Companies,reports,Health Care,Health Care Supplies,"San Ramon, California",2016-09-23,0000711404,1958
126,CPRT,Copart Inc,reports,Industrials,Diversified Support Services,"Dallas, Texas",2018-07-02,0000900075,1982
127,GLW,Corning Inc.,reports,Information Technology,Electronic Components,"Corning, New York",,0000024741,1851
128,CTVA,Corteva,reports,Materials,Fertilizers & Agricultural Chemicals,"Wilmington, Delaware",2019-06-03,0001755672,2019
129,COST,Costco Wholesale Corp.,reports,Consumer Staples,Hypermarkets & Super Centers,"Issaquah, Washington",1993-10-01,0000909832,1976
130,CCI,Crown Castle International Corp.,reports,Real Estate,Specialized REITs,"Houston, Texas",2012-03-14,0001051470,1994
131,CSX,CSX Corp.,reports,Industrials,Railroads,"Jacksonville, Florida",1967-09-30,0000277948,1980
132,CMI,Cummins Inc.,reports,Industrials,Industrial Machinery,"Columbus, Indiana",1965-03-31,0000026172,1919
133,CVS,CVS Health,reports,Health Care,Health Care Services,"Woonsocket, Rhode Island",1957-03-04,0000064803,1996
134,DHI,D. R. Horton,reports,Consumer Discretionary,Homebuilding,"Fort Worth, Texas",2005-06-22,0000882184,1978
135,DHR,Danaher Corp.,reports,Health Care,Health Care Equipment,"Washington, D.C.",,0000313616,1969
136,DRI,Darden Restaurants,reports,Consumer Discretionary,Restaurants,"Orlando, Florida",,0000940944,1938
137,DVA,DaVita Inc.,reports,Health Care,Health Care Facilities,"Denver, Colorado",2008-07-31,0000927066,1979
138,DE,Deere & Co.,reports,Industrials,Agricultural & Farm Machinery,"Moline, Illinois",1957-03-04,0000315189,1837
139,DAL,Delta Air Lines Inc.,reports,Industrials,Airlines,"Atlanta, Georgia",2013-09-11,0000027904,1929
140,XRAY,Dentsply Sirona,reports,Health Care,Health Care Supplies,"Charlotte, North Carolina",2008-11-14,0000818479,2016 (1969)
141,DVN,Devon Energy,reports,Energy,Oil & Gas Exploration & Production,"Oklahoma City, Oklahoma",2000-08-30,0001090012,1971
142,DXCM,DexCom,reports,Health Care,Health Care Equipment,"San Diego, California",2020-05-12,0001093557,1999
143,FANG,Diamondback Energy,reports,Energy,Oil & Gas Exploration & Production,"Midland, Texas",2018-12-03,0001539838,2007
144,DLR,Digital Realty Trust Inc,reports,Real Estate,Specialized REITs,"San Francisco, California",2016-05-18,0001297996,2004
145,DFS,Discover Financial Services,reports,Financials,Consumer Finance,"Riverwoods, Illinois",2007-07-02,0001393612,1985
146,DISCA,"Discovery, Inc. (Class A)",reports,Communication Services,Broadcasting,"Silver Spring, Maryland",2010-03-01,0001437107,1985
147,DISCK,"Discovery, Inc. (Class C)",reports,Communication Services,Broadcasting,"Silver Spring, Maryland",2014-08-07,0001437107,1985
148,DISH,Dish Network,reports,Communication Services,Cable & Satellite,"Meridian, Colorado",2017-03-13,0001001082,1980
149,DG,Dollar General,reports,Consumer Discretionary,General Merchandise Stores,"Goodlettsville, Tennessee",2012-12-03,0000029534,1939
150,DLTR,Dollar Tree,reports,Consumer Discretionary,General Merchandise Stores,"Chesapeake, Virginia",2011-12-19,0000935703,1986
151,D,Dominion Energy,reports,Utilities,Electric Utilities,"Richmond, Virginia",,0000715957,1983
152,DPZ,Domino's Pizza,reports,Consumer Discretionary,Restaurants,"Ann Arbor, Michigan",2020-05-12,0001286681,1960
153,DOV,Dover Corporation,reports,Industrials,Industrial Machinery,"Downers Grove, Illinois",1985-10-31,0000029905,1955
154,DOW,Dow Inc.,reports,Materials,Commodity Chemicals,"Midland, Michigan",2019-04-01,0001751788,2019
155,DTE,DTE Energy Co.,reports,Utilities,Multi-Utilities,"Detroit, Michigan",1957-03-04,0000936340,1995
156,DUK,Duke Energy,reports,Utilities,Electric Utilities,"Charlotte, North Carolina",1976-06-30,0001326160,1904
157,DRE,Duke Realty Corp,reports,Real Estate,Industrial REITs,"Indianapolis, Indiana",2017-07-26,0000783280,1972
158,DD,DuPont de Nemours Inc,reports,Materials,Specialty Chemicals,"Midland, Michigan",2019-04-02,0001666700,2017
159,DXC,DXC Technology,reports,Information Technology,IT Consulting & Other Services,"Tysons Corner, Virginia",2017-04-04,0001688568,2017
160,EMN,Eastman Chemical,reports,Materials,Diversified Chemicals,"Kingsport, Tennessee",1994-01-01,0000915389,1920
161,ETN,Eaton Corporation,reports,Industrials,Electrical Components & Equipment,"Dublin, Ireland",,0001551182,1911
162,EBAY,eBay Inc.,reports,Consumer Discretionary,Internet & Direct Marketing Retail,"San Jose, California",,0001065088,1995
163,ECL,Ecolab Inc.,reports,Materials,Specialty Chemicals,"St. Paul, Minnesota",1989-01-31,0000031462,1923
164,EIX,Edison Int'l,reports,Utilities,Electric Utilities,"Rosemead, California",1957-03-04,0000827052,1886
165,EW,Edwards Lifesciences,reports,Health Care,Health Care Equipment,"Irvine, California",2011-04-01,0001099800,1958
166,EA,Electronic Arts,reports,Communication Services,Interactive Home Entertainment,"Redwood City, California",2002-07-22,0000712515,1982
167,EMR,Emerson Electric Company,reports,Industrials,Electrical Components & Equipment,"Ferguson, Missouri",1965-03-31,0000032604,1890
168,ETR,Entergy Corp.,reports,Utilities,Electric Utilities,"New Orleans, Louisiana",1957-03-04,0000065984,1913
169,EOG,EOG Resources,reports,Energy,Oil & Gas Exploration & Production,"Houston, Texas",2000-11-02,0000821189,1999
170,EFX,Equifax Inc.,reports,Industrials,Research & Consulting Services,"Atlanta, Georgia",1997-06-19,0000033185,1899
171,EQIX,Equinix,reports,Real Estate,Specialized REITs,"Redwood City, California",2015-03-20,0001101239,1998
172,EQR,Equity Residential,reports,Real Estate,Residential REITs,"Chicago, Illinois",2001-12-03,0000906107,1969
173,ESS,"Essex Property Trust, Inc.",reports,Real Estate,Residential REITs,"San Mateo, California",2014-04-02,0000920522,1971
174,EL,Estée Lauder Companies,reports,Consumer Staples,Personal Products,"New York, New York",2006-01-05,0001001250,1946
175,ETSY,Etsy,reports,Consumer Discretionary,Internet & Direct Marketing Retail,"Brooklyn, New York",2020-09-21,0001370637,2005
176,EVRG,Evergy,reports,Utilities,Electric Utilities,"Kansas City, Missouri",2018-06-05,0001711269,1909
177,ES,Eversource Energy,reports,Utilities,Multi-Utilities,"Springfield, Massachusetts",,0000072741,1966
178,RE,Everest Re Group Ltd.,reports,Financials,Reinsurance,"Hamilton, Bermuda",2017-06-19,0001095073,1973
179,EXC,Exelon Corp.,reports,Utilities,Multi-Utilities,"Chicago, Illinois",1957-03-04,0001109357,2000
180,EXPE,Expedia Group,reports,Consumer Discretionary,Internet & Direct Marketing Retail,"Seattle, Washington",2007-10-02,0001324424,1996
181,EXPD,Expeditors,reports,Industrials,Air Freight & Logistics,"Seattle, Washington",2007-10-10,0000746515,1979
182,EXR,Extra Space Storage,reports,Real Estate,Specialized REITs,"Salt Lake City, Utah",2016-01-19,0001289490,1977
183,XOM,Exxon Mobil Corp.,reports,Energy,Integrated Oil & Gas,"Irving, Texas",1957-03-04,0000034088,1999
184,FFIV,F5 Networks,reports,Information Technology,Communications Equipment,"Seattle, Washington",2010-12-20,0001048695,1996
185,FB,"Facebook, Inc.",reports,Communication Services,Interactive Media & Services,"Menlo Park, California",2013-12-23,0001326801,2004
186,FAST,Fastenal Co,reports,Industrials,Building Products,"Winona, Minnesota",2008-09-15,0000815556,1967
187,FRT,Federal Realty Investment Trust,reports,Real Estate,Retail REITs,"Rockville, Maryland",2016-02-01,0000034903,1962
188,FDX,FedEx Corporation,reports,Industrials,Air Freight & Logistics,"Memphis, Tennessee",1980-12-31,0001048911,1971
189,FIS,Fidelity National Information Services,reports,Information Technology,Data Processing & Outsourced Services,"Jacksonville, Florida",2006-11-10,0001136893,1968
190,FITB,Fifth Third Bancorp,reports,Financials,Regional Banks,"Cincinnati, Ohio",,0000035527,1858
191,FE,FirstEnergy Corp,reports,Utilities,Electric Utilities,"Akron, Ohio",,0001031296,1997
192,FRC,First Republic Bank,reports,Financials,Regional Banks,"San Francisco, California",2019-01-02,0001132979,1985
193,FISV,Fiserv Inc,reports,Information Technology,Data Processing & Outsourced Services,"Brookfield, Wisconsin",2001-04-02,0000798354,1984
194,FLT,FleetCor Technologies Inc,reports,Information Technology,Data Processing & Outsourced Services,"Norcross, Georgia",2018-06-20,0001175454,2000
195,FLIR,FLIR Systems,reports,Information Technology,Electronic Equipment & Instruments,"Wilsonville, Oregon",2009-01-02,0000354908,1978
196,FLS,Flowserve Corporation,reports,Industrials,Industrial Machinery,"Irving, Texas",2008-10-02,0000030625,1997
197,FMC,FMC Corporation,reports,Materials,Fertilizers & Agricultural Chemicals,"Philadelphia, Pennsylvania",2009-08-19,0000037785,1883
198,F,Ford Motor Company,reports,Consumer Discretionary,Automobile Manufacturers,"Dearborn, Michigan",1957-03-04,0000037996,1903
199,FTNT,Fortinet,reports,Information Technology,Systems Software,"Sunnyvale, California",2018-10-11,0001262039,2000
200,FTV,Fortive Corp,reports,Industrials,Industrial Machinery,"Everett, Washington",2016-07-01,0001659166,2016
201,FBHS,Fortune Brands Home & Security,reports,Industrials,Building Products,"Deerfield, Illinois",2016-06-22,0001519751,2011 (1969)
202,FOXA,Fox Corporation (Class A),reports,Communication Services,Movies & Entertainment,"New York, New York",2013-07-01,0001754301,2019
203,FOX,Fox Corporation (Class B),reports,Communication Services,Movies & Entertainment,"New York, New York",2015-09-18,0001754301,2019
204,BEN,Franklin Resources,reports,Financials,Asset Management & Custody Banks,"San Mateo, California",,0000038777,1947
205,FCX,Freeport-McMoRan Inc.,reports,Materials,Copper,"Phoenix, Arizona",,0000831259,1912
206,GPS,Gap Inc.,reports,Consumer Discretionary,Apparel Retail,"San Francisco, California",1986-08-31,0000039911,1969
207,GRMN,Garmin Ltd.,reports,Consumer Discretionary,Consumer Electronics,"Schaffhausen, Switzerland",2012-12-12,0001121788,1989
208,IT,Gartner Inc,reports,Information Technology,IT Consulting & Other Services,"Stamford, Connecticut",2017-04-05,0000749251,1979
209,GD,General Dynamics,reports,Industrials,Aerospace & Defense,"Falls Church, Virginia",1957-03-04,0000040533,1899
210,GE,General Electric,reports,Industrials,Industrial Conglomerates,"Boston, Massachusetts",,0000040545,1892
211,GIS,General Mills,reports,Consumer Staples,Packaged Foods & Meats,"Golden Valley, Minnesota",1969-03-31,0000040704,1856
212,GM,General Motors,reports,Consumer Discretionary,Automobile Manufacturers,"Detroit, Michigan",2013-06-06,0001467858,1908
213,GPC,Genuine Parts,reports,Consumer Discretionary,Specialty Stores,"Atlanta, Georgia",1973-12-31,0000040987,1925
214,GILD,Gilead Sciences,reports,Health Care,Biotechnology,"Foster City, California",2004-07-01,0000882095,1987
215,GL,Globe Life Inc.,reports,Financials,Life & Health Insurance,"McKinney, Texas",1989-04-30,0000320335,1900
216,GPN,Global Payments Inc.,reports,Information Technology,Data Processing & Outsourced Services,"Atlanta, Georgia",2016-04-25,0001123360,2000
217,GS,Goldman Sachs Group,reports,Financials,Investment Banking & Brokerage,"New York, New York",2002-07-22,0000886982,1869
218,GWW,Grainger (W.W.) Inc.,reports,Industrials,Industrial Machinery,"Lake Forest, Illinois",1981-06-30,0000277135,1927
219,HAL,Halliburton Co.,reports,Energy,Oil & Gas Equipment & Services,"Houston, Texas",1957-03-04,0000045012,1919
220,HBI,Hanesbrands Inc,reports,Consumer Discretionary,"Apparel, Accessories & Luxury Goods","Winston-Salem, North Carolina",2015-03-20,0001359841,2000
221,HIG,Hartford Financial Svc.Gp.,reports,Financials,Property & Casualty Insurance,"Hartford, Connecticut",1957-03-04,0000874766,1810
222,HAS,Hasbro Inc.,reports,Consumer Discretionary,Leisure Products,"Pawtucket, Rhode Island",1984-09-30,0000046080,1923
223,HCA,HCA Healthcare,reports,Health Care,Health Care Facilities,"Nashville, Tennessee",2015-01-27,0000860730,1968
224,PEAK,Healthpeak Properties,reports,Real Estate,Health Care REITs,"Long Beach, California",2008-03-31,0000765880,1985
225,HSIC,Henry Schein,reports,Health Care,Health Care Distributors,"Melville, New York",2015-03-17,0001000228,1932
226,HSY,The Hershey Company,reports,Consumer Staples,Packaged Foods & Meats,"Hershey, Pennsylvania",1957-03-04,0000047111,1894
227,HES,Hess Corporation,reports,Energy,Integrated Oil & Gas,"New York, New York",1984-05-31,0000004447,1919
228,HPE,Hewlett Packard Enterprise,reports,Information Technology,"Technology Hardware, Storage & Peripherals","Palo Alto, California",2015-11-02,0001645590,2015
229,HLT,Hilton Worldwide Holdings Inc,reports,Consumer Discretionary,"Hotels, Resorts & Cruise Lines","Tysons Corner, Virginia",2017-06-19,0001585689,1919
230,HFC,HollyFrontier Corp,reports,Energy,Oil & Gas Refining & Marketing,"Dallas, Texas",2018-06-18,0000048039,1947
231,HOLX,Hologic,reports,Health Care,Health Care Equipment,"Marlborough, Massachusetts",2016-03-30,0000859737,1985
232,HD,Home Depot,reports,Consumer Discretionary,Home Improvement Retail,"Atlanta, Georgia",1988-03-31,0000354950,1978
233,HON,Honeywell Int'l Inc.,reports,Industrials,Industrial Conglomerates,"Morristown, New Jersey",1964-03-31,0000773840,1906
234,HRL,Hormel Foods Corp.,reports,Consumer Staples,Packaged Foods & Meats,"Austin, Minnesota",2009-03-04,0000048465,1891
235,HST,Host Hotels & Resorts,reports,Real Estate,Hotel & Resort REITs,"Bethesda, Maryland",2007-03-20,0001070750,1993
236,HWM,Howmet Aerospace,reports,Industrials,Aerospace & Defense,"Pittsburgh, Pennsylvania",1964-03-31,0000004281,2016
237,HPQ,HP Inc.,reports,Information Technology,"Technology Hardware, Storage & Peripherals","Palo Alto, California",1974-12-31,0000047217,1939 (2015)
238,HUM,Humana Inc.,reports,Health Care,Managed Health Care,"Louisville, Kentucky",,0000049071,1961
239,HBAN,Huntington Bancshares,reports,Financials,Regional Banks,"Columbus, Ohio",,0000049196,1866
240,HII,Huntington Ingalls Industries,reports,Industrials,Aerospace & Defense,"Newport News, Virginia",2018-01-03,0001501585,2011
241,IEX,IDEX Corporation,reports,Industrials,Industrial Machinery,"Lake Forest, Illinois",2019-08-09,0000832101,1988
242,IDXX,IDEXX Laboratories,reports,Health Care,Health Care Equipment,"Westbrook, Maine",2017-01-05,0000874716,1983
243,INFO,IHS Markit Ltd.,reports,Industrials,Research & Consulting Services,"London, United Kingdom",2017-06-02,0001598014,1959
244,ITW,Illinois Tool Works,reports,Industrials,Industrial Machinery,"Glenview, Illinois",1986-02-28,0000049826,1912
245,ILMN,Illumina Inc,reports,Health Care,Life Sciences Tools & Services,"San Diego, California",2015-11-19,0001110803,1998
246,INCY,Incyte,reports,Health Care,Biotechnology,"Wilmington, Delaware",2017-02-28,0000879169,1991
247,IR,Ingersoll Rand,reports,Industrials,Industrial Machinery,"Milwaukee, Wisconsin",2020-03-03,0001699150,1859
248,INTC,Intel Corp.,reports,Information Technology,Semiconductors,"Santa Clara, California",1976-12-31,0000050863,1968
249,ICE,Intercontinental Exchange,reports,Financials,Financial Exchanges & Data,"Atlanta, Georgia",2007-09-26,0001571949,2000
250,IBM,International Business Machines,reports,Information Technology,IT Consulting & Other Services,"Armonk, New York",1957-03-04,0000051143,1911
251,IP,International Paper,reports,Materials,Paper Packaging,"Memphis, Tennessee",1957-03-04,0000051434,1898
252,IPG,Interpublic Group,reports,Communication Services,Advertising,"New York, New York",1992-10-01,0000051644,1961 (1930)
253,IFF,International Flavors & Fragrances,reports,Materials,Specialty Chemicals,"New York, New York",1976-03-31,0000051253,1958 (1889)
254,INTU,Intuit Inc.,reports,Information Technology,Application Software,"Mountain View, California",2000-12-05,0000896878,1983
255,ISRG,Intuitive Surgical Inc.,reports,Health Care,Health Care Equipment,"Sunnyvale, California",2008-06-02,0001035267,1995
256,IVZ,Invesco Ltd.,reports,Financials,Asset Management & Custody Banks,"Atlanta, Georgia",2008-08-21,0000914208,1935
257,IPGP,IPG Photonics Corp.,reports,Information Technology,Electronic Manufacturing Services,"Oxford, Massachusetts",2018-03-07,0001111928,1990
258,IQV,IQVIA Holdings Inc.,reports,Health Care,Life Sciences Tools & Services,"Durham, North Carolina",2017-08-29,0001478242,1982
259,IRM,Iron Mountain Incorporated,reports,Real Estate,Specialized REITs,"Boston, Massachusetts",2009-01-06,0001020569,1951
260,JKHY,Jack Henry & Associates,reports,Information Technology,Data Processing & Outsourced Services,"Monett, Missouri",2018-11-13,0000779152,1976
261,J,Jacobs Engineering Group,reports,Industrials,Construction & Engineering,"Dallas, Texas",2007-10-26,0000052988,1947
262,JBHT,J. B. Hunt Transport Services,reports,Industrials,Trucking,"Lowell, Arkansas",2015-07-01,0000728535,1961
263,SJM,JM Smucker,reports,Consumer Staples,Packaged Foods & Meats,"Orrville, Ohio",2008-11-06,0000091419,1897
264,JNJ,Johnson & Johnson,reports,Health Care,Pharmaceuticals,"New Brunswick, New Jersey",1973-06-30,0000200406,1886
265,JCI,Johnson Controls International,reports,Industrials,Building Products,"Cork, Ireland",2010-08-27,0000833444,1885
266,JPM,JPMorgan Chase & Co.,reports,Financials,Diversified Banks,"New York, New York",1975-06-30,0000019617,2000 (1799 / 1871)
267,JNPR,Juniper Networks,reports,Information Technology,Communications Equipment,"Sunnyvale, California",2006-06-02,0001043604,1996
268,KSU,Kansas City Southern,reports,Industrials,Railroads,"Kansas City, Missouri",2013-05-24,0000054480,1887
269,K,Kellogg Co.,reports,Consumer Staples,Packaged Foods & Meats,"Battle Creek, Michigan",,0000055067,1906
270,KEY,KeyCorp,reports,Financials,Regional Banks,"Cleveland, Ohio",1994-03-01,0000091576,1825
271,KEYS,Keysight Technologies,reports,Information Technology,Electronic Equipment & Instruments,"Santa Rosa, California",2018-11-06,0001601046,2014
272,KMB,Kimberly-Clark,reports,Consumer Staples,Household Products,"Irving, Texas",1957-03-04,0000055785,1872
273,KIM,Kimco Realty,reports,Real Estate,Retail REITs,"New Hyde Park, New York",2006-04-04,0000879101,1958
274,KMI,Kinder Morgan,reports,Energy,Oil & Gas Storage & Transportation,"Houston, Texas",2012-05-25,0001506307,1997
275,KLAC,KLA Corporation,reports,Information Technology,Semiconductor Equipment,"Milpitas, California",,0000319201,1975/1977 (1997)
276,KHC,Kraft Heinz Co,reports,Consumer Staples,Packaged Foods & Meats,"Chicago, Illinois; Pittsburgh, Pennsylvania",2015-07-06,0001637459,2015 (1869)
277,KR,Kroger Co.,reports,Consumer Staples,Food Retail,"Cincinnati, Ohio",1957-03-04,0000056873,1883
278,LB,L Brands Inc.,reports,Consumer Discretionary,Apparel Retail,"Columbus, Ohio",1983-09-30,0000701985,1963
279,LHX,L3Harris Technologies,reports,Industrials,Aerospace & Defense,"Melbourne, Florida",,0000202058,2019 (1895)
280,LH,Laboratory Corp. of America Holding,reports,Health Care,Health Care Services,"Burlington, North Carolina",2004-11-01,0000920148,1978
281,LRCX,Lam Research,reports,Information Technology,Semiconductor Equipment,"Fremont, California",2012-06-29,0000707549,1980
282,LW,Lamb Weston Holdings Inc,reports,Consumer Staples,Packaged Foods & Meats,"Eagle, Idaho",2018-12-03,0001679273,2016 (1950)
283,LVS,Las Vegas Sands,reports,Consumer Discretionary,Casinos & Gaming,"Las Vegas, Nevada",2019-10-03,0001300514,1988
284,LEG,Leggett & Platt,reports,Consumer Discretionary,Home Furnishings,"Carthage, Missouri",,0000058492,1883
285,LDOS,Leidos Holdings,reports,Information Technology,IT Consulting & Other Services,"Reston, Virginia",2019-08-09,0001336920,1969
286,LEN,Lennar Corp.,reports,Consumer Discretionary,Homebuilding,"Miami, Florida",2005-10-04,0000920760,1954
287,LLY,Lilly (Eli) & Co.,reports,Health Care,Pharmaceuticals,"Indianapolis, Indiana",1970-12-31,0000059478,1876
288,LNC,Lincoln National,reports,Financials,Multi-line Insurance,"Radnor, Pennsylvania",1976-06-30,0000059558,1905
289,LIN,Linde plc,reports,Materials,Industrial Gases,"Guildford, Surrey, United Kingdom",1992-07-01,0001707925,1879
290,LYV,Live Nation Entertainment,reports,Communication Services,Movies & Entertainment,"Beverly Hills, California",2019-12-23,0001335258,2010
291,LKQ,LKQ Corporation,reports,Consumer Discretionary,Distributors,"Chicago, Illinois",2016-05-23,0001065696,1998
292,LMT,Lockheed Martin Corp.,reports,Industrials,Aerospace & Defense,"Bethesda, Maryland",1984-07-31,0000936468,1995
293,L,Loews Corp.,reports,Financials,Multi-line Insurance,"New York, New York",,0000060086,1959
294,LOW,Lowe's Cos.,reports,Consumer Discretionary,Home Improvement Retail,"Mooresville, North Carolina",1984-02-29,0000060667,1904/1946/1959
295,LUMN,Lumen Technologies,reports,Communication Services,Alternative Carriers,"Monroe, Louisiana",1999-03-25,0000018926,1983 (1877)
296,LYB,LyondellBasell,reports,Materials,Specialty Chemicals,"Rotterdam, Netherlands",2012-09-05,0001489393,2007
297,MTB,M&T Bank Corp.,reports,Financials,Regional Banks,"Buffalo, New York",2004-02-23,0000036270,1856
298,MRO,Marathon Oil Corp.,reports,Energy,Oil & Gas Exploration & Production,"Houston, Texas",1991-05-01,0000101778,1887
299,MPC,Marathon Petroleum,reports,Energy,Oil & Gas Refining & Marketing,"Findlay, Ohio",2011-07-01,0001510295,2009 (1887)
300,MKTX,MarketAxess,reports,Financials,Financial Exchanges & Data,"New York, New York",2019-07-01,0001278021,2000
301,MAR,Marriott Int'l.,reports,Consumer Discretionary,"Hotels, Resorts & Cruise Lines","Bethesda, Maryland",,0001048286,1927
302,MMC,Marsh & McLennan,reports,Financials,Insurance Brokers,"New York, New York",1987-08-31,0000062709,1905
303,MLM,Martin Marietta Materials,reports,Materials,Construction Materials,"Raleigh, North Carolina",2014-07-02,0000916076,1993
304,MAS,Masco Corp.,reports,Industrials,Building Products,"Livonia, Michigan",1981-06-30,0000062996,1929
305,MA,Mastercard Inc.,reports,Information Technology,Data Processing & Outsourced Services,"Harrison, New York",2008-07-18,0001141391,1966
306,MKC,McCormick & Co.,reports,Consumer Staples,Packaged Foods & Meats,"Hunt Valley, Maryland",,0000063754,1889
307,MXIM,Maxim Integrated Products Inc,reports,Information Technology,Semiconductors,"San Jose, California",2018-12-03,0000743316,1983
308,MCD,McDonald's Corp.,reports,Consumer Discretionary,Restaurants,"Chicago, Illinois",1970-06-30,0000063908,1940
309,MCK,McKesson Corp.,reports,Health Care,Health Care Distributors,"Irving, Texas",,0000927653,1833
310,MDT,Medtronic plc,reports,Health Care,Health Care Equipment,"Dublin, Ireland",1986-10-31,0001613103,1949
311,MRK,Merck & Co.,reports,Health Care,Pharmaceuticals,"Kenilworth, New Jersey",1957-03-04,0000310158,1891
312,MET,MetLife Inc.,reports,Financials,Life & Health Insurance,"New York, New York",,0001099219,1868
313,MTD,Mettler Toledo,reports,Health Care,Life Sciences Tools & Services,"Columbus, Ohio",2016-09-06,0001037646,1945
314,MGM,MGM Resorts International,reports,Consumer Discretionary,Casinos & Gaming,"Paradise, Nevada",2017-07-26,0000789570,1986
315,MCHP,Microchip Technology,reports,Information Technology,Semiconductors,"Chandler, Arizona",2007-09-07,0000827054,1989
316,MU,Micron Technology,reports,Information Technology,Semiconductors,"Boise, Idaho",1994-09-27,0000723125,1978
317,MSFT,Microsoft Corp.,reports,Information Technology,Systems Software,"Redmond, Washington",1994-06-01,0000789019,1975
318,MAA,Mid-America Apartments,reports,Real Estate,Residential REITs,"Memphis, Tennessee",2016-12-02,0000912595,1977
319,MHK,Mohawk Industries,reports,Consumer Discretionary,Home Furnishings,"Calhoun, Georgia",2013-12-23,0000851968,1878
320,TAP,Molson Coors Beverage Company,reports,Consumer Staples,Brewers,"Denver, Colorado",1976-06-30,0000024545,"2005 (Molson 1786, Coors 1873)"
321,MDLZ,Mondelez International,reports,Consumer Staples,Packaged Foods & Meats,"Chicago, Illinois",2012-10-02,0001103982,2012
322,MNST,Monster Beverage,reports,Consumer Staples,Soft Drinks,"Corona, California",2012-06-28,0000865752,2012 (1935)
323,MCO,Moody's Corp,reports,Financials,Financial Exchanges & Data,"New York, New York",,0001059556,1909
324,MS,Morgan Stanley,reports,Financials,Investment Banking & Brokerage,"New York, New York",,0000895421,1935
325,MOS,The Mosaic Company,reports,Materials,Fertilizers & Agricultural Chemicals,"Tampa, Florida",2011-09-26,0001285785,2004 (1865 / 1909)
326,MSI,Motorola Solutions Inc.,reports,Information Technology,Communications Equipment,"Chicago, Illinois",,0000068505,1928 (2011)
327,MSCI,MSCI Inc,reports,Financials,Financial Exchanges & Data,"New York, New York",2018-04-04,0001408198,1969
328,NDAQ,"Nasdaq, Inc.",reports,Financials,Financial Exchanges & Data,"New York, New York",2008-10-22,0001120193,1971
329,NOV,National Oilwell Varco Inc.,reports,Energy,Oil & Gas Equipment & Services,"Houston, Texas",2005-03-14,0001021860,1841
330,NTAP,NetApp,reports,Information Technology,"Technology Hardware, Storage & Peripherals","Sunnyvale, California",1999-06-25,0001002047,1992
331,NFLX,Netflix Inc.,reports,Communication Services,Movies & Entertainment,"Los Gatos, California",2010-12-20,0001065280,1997
332,NWL,Newell Brands,reports,Consumer Discretionary,Housewares & Specialties,"Atlanta, Georgia",1989-04-30,0000814453,1903
333,NEM,Newmont Corporation,reports,Materials,Gold,"Denver, Colorado",1969-06-30,0001164727,1921
334,NWSA,News Corp. Class A,reports,Communication Services,Publishing,"New York, New York",2013-08-01,0001564708,2013 (1980)
335,NWS,News Corp. Class B,reports,Communication Services,Publishing,"New York, New York",2015-09-18,0001564708,2013 (1980)
336,NEE,NextEra Energy,reports,Utilities,Multi-Utilities,"Juno Beach, Florida",1976-06-30,0000753308,1984 (1925)
337,NLSN,Nielsen Holdings,reports,Industrials,Research & Consulting Services,"New York, New York",2013-07-09,0001492633,1923
338,NKE,"Nike, Inc.",reports,Consumer Discretionary,"Apparel, Accessories & Luxury Goods","Washington County, Oregon",1988-11-30,0000320187,1964
339,NI,NiSource Inc.,reports,Utilities,Multi-Utilities,"Merrillville, Indiana",,0001111711,1912
340,NSC,Norfolk Southern Corp.,reports,Industrials,Railroads,"Norfolk, Virginia",1957-03-04,0000702165,1881/1894 (1980)
341,NTRS,Northern Trust Corp.,reports,Financials,Asset Management & Custody Banks,"Chicago, Illinois",,0000073124,1889
342,NOC,Northrop Grumman,reports,Industrials,Aerospace & Defense,"West Falls Church, Virginia",1985-06-30,0001133421,"1994 (Northrop 1939, Grumman 1930)"
343,NLOK,NortonLifeLock,reports,Information Technology,Application Software,"Tempe, Arizona",2003-03-25,0000849399,1982
344,NCLH,Norwegian Cruise Line Holdings,reports,Consumer Discretionary,"Hotels, Resorts & Cruise Lines","Miami, Florida",2017-10-13,0001513761,2011 (1966)
345,NRG,NRG Energy,reports,Utilities,Independent Power Producers & Energy Traders,"Princeton, New Jersey",2010-01-29,0001013871,1992
346,NUE,Nucor Corp.,reports,Materials,Steel,"Charlotte, North Carolina",1985-04-30,0000073309,1940
347,NVDA,Nvidia Corporation,reports,Information Technology,Semiconductors,"Santa Clara, California",2001-11-30,0001045810,1993
348,NVR,"NVR, Inc.",reports,Consumer Discretionary,Homebuilding,"Reston, Virginia",2019-09-26,0000906163,1980
349,ORLY,O'Reilly Automotive,reports,Consumer Discretionary,Specialty Stores,"Springfield, Missouri",2009-03-27,0000898173,1957
350,OXY,Occidental Petroleum,reports,Energy,Oil & Gas Exploration & Production,"Houston, Texas",1982-12-31,0000797468,1920
351,ODFL,Old Dominion Freight Line,reports,Industrials,Trucking,"Thomasville, North Carolina",2019-12-09,0000878927,1934
352,OMC,Omnicom Group,reports,Communication Services,Advertising,"New York, New York",,0000029989,1986
353,OKE,ONEOK,reports,Energy,Oil & Gas Storage & Transportation,"Tulsa, Oklahoma",2010-03-15,0001039684,1906
354,ORCL,Oracle Corp.,reports,Information Technology,Application Software,"Redwood Shores, California",1989-08-31,0001341439,1977
355,OTIS,Otis Worldwide,reports,Industrials,Industrial Machinery,"Farmington, Connecticut",2020-04-03,0001781335,2020 (1853)
356,PCAR,PACCAR Inc.,reports,Industrials,Construction Machinery & Heavy Trucks,"Bellevue, Washington",1980-12-31,0000075362,1905
357,PKG,Packaging Corporation of America,reports,Materials,Paper Packaging,"Lake Forest, Illinois",2017-07-26,0000075677,1959
358,PH,Parker-Hannifin,reports,Industrials,Industrial Machinery,"Cleveland, Ohio",1985-11-30,0000076334,1917
359,PAYX,Paychex Inc.,reports,Information Technology,Data Processing & Outsourced Services,"Penfield, New York",,0000723531,1971
360,PAYC,Paycom,reports,Information Technology,Application Software,"Oklahoma City, Oklahoma",2020-01-28,0001590955,1998
361,PYPL,PayPal,reports,Information Technology,Data Processing & Outsourced Services,"San Jose, California",2015-07-20,0001633917,1998
362,PNR,Pentair plc,reports,Industrials,Industrial Machinery,"Worsley, UK",2012-10-01,0000077360,1966
363,PBCT,People's United Financial,reports,Financials,Thrifts & Mortgage Finance,"Bridgeport, Connecticut",2008-11-13,0001378946,1842
364,PEP,PepsiCo Inc.,reports,Consumer Staples,Soft Drinks,"Purchase, New York",1957-03-04,0000077476,1898
365,PKI,PerkinElmer,reports,Health Care,Health Care Equipment,"Waltham, Massachusetts",1985-05-31,0000031791,1937
366,PRGO,Perrigo,reports,Health Care,Pharmaceuticals,"Dublin, Ireland",2011-12-19,0001585364,2013 (1887)
367,PFE,Pfizer Inc.,reports,Health Care,Pharmaceuticals,"New York, New York",1957-03-04,0000078003,1849
368,PM,Philip Morris International,reports,Consumer Staples,Tobacco,"New York, New York",2008-03-31,0001413329,2008 (1847)
369,PSX,Phillips 66,reports,Energy,Oil & Gas Refining & Marketing,"Houston, Texas",2012-05-01,0001534701,2012 (1917)
370,PNW,Pinnacle West Capital,reports,Utilities,Multi-Utilities,"Phoenix, Arizona",,0000764622,1985
371,PXD,Pioneer Natural Resources,reports,Energy,Oil & Gas Exploration & Production,"Irving, Texas",2008-09-24,0001038357,1997
372,PNC,PNC Financial Services,reports,Financials,Regional Banks,"Pittsburgh, Pennsylvania",1988-04-30,0000713676,1845
373,POOL,Pool Corporation,reports,Consumer Discretionary,Distributors,"Covington, Louisiana",2020-10-07,0000945841,1993
374,PPG,PPG Industries,reports,Materials,Specialty Chemicals,"Pittsburgh, Pennsylvania",1957-03-04,0000079879,1883
375,PPL,PPL Corp.,reports,Utilities,Electric Utilities,"Allentown, Pennsylvania",,0000922224,1920
376,PFG,Principal Financial Group,reports,Financials,Life & Health Insurance,"Des Moines, Iowa",2002-07-22,0001126328,1879
377,PG,Procter & Gamble,reports,Consumer Staples,Personal Products,"Cincinnati, Ohio",1957-03-04,0000080424,1837
378,PGR,Progressive Corp.,reports,Financials,Property & Casualty Insurance,"Mayfield Village, Ohio",1997-08-04,0000080661,1937
379,PLD,Prologis,reports,Real Estate,Industrial REITs,"San Francisco, California",2003-07-17,0001045609,1983
380,PRU,Prudential Financial,reports,Financials,Life & Health Insurance,"Newark, New Jersey",2002-07-22,0001137774,1875
381,PEG,Public Service Enterprise Group (PSEG),reports,Utilities,Electric Utilities,"Newark, New Jersey",1957-03-04,0000788784,1903
382,PSA,Public Storage,reports,Real Estate,Specialized REITs,"Glendale, California",2005-08-19,0001393311,1972
383,PHM,PulteGroup,reports,Consumer Discretionary,Homebuilding,"Atlanta, Georgia",1984-04-30,0000822416,1956
384,PVH,PVH Corp.,reports,Consumer Discretionary,"Apparel, Accessories & Luxury Goods","New York, New York",2013-02-15,0000078239,1881
385,QRVO,Qorvo,reports,Information Technology,Semiconductors,"Greensboro, North Carolina",2015-06-11,0001604778,2015
386,PWR,Quanta Services Inc.,reports,Industrials,Construction & Engineering,"Houston, Texas",2009-07-01,0001050915,1997
387,QCOM,QUALCOMM Inc.,reports,Information Technology,Semiconductors,"San Diego, California",,0000804328,1985
388,DGX,Quest Diagnostics,reports,Health Care,Health Care Services,"Secaucus, New Jersey",2002-12-12,0001022079,1967
389,RL,Ralph Lauren Corporation,reports,Consumer Discretionary,"Apparel, Accessories & Luxury Goods","New York, New York",2007-02-02,0001037038,1967
390,RJF,Raymond James Financial Inc.,reports,Financials,Investment Banking & Brokerage,"St. Petersburg, Florida",2017-03-20,0000720005,1962
391,RTX,Raytheon Technologies,reports,Industrials,Aerospace & Defense,"Waltham, Massachusetts",,0000101829,1922
392,O,Realty Income Corporation,reports,Real Estate,Retail REITs,"San Diego, California",2015-04-07,0000726728,1969
393,REG,Regency Centers Corporation,reports,Real Estate,Retail REITs,"Jacksonville, Florida",2017-03-02,0000910606,1963
394,REGN,Regeneron Pharmaceuticals,reports,Health Care,Biotechnology,"Tarrytown, New York",2013-05-01,0000872589,1988
395,RF,Regions Financial Corp.,reports,Financials,Regional Banks,"Birmingham, Alabama",1998-08-28,0001281761,1971
396,RSG,Republic Services Inc,reports,Industrials,Environmental & Facilities Services,"Phoenix, Arizona",2008-12-05,0001060391,1998 (1981)
397,RMD,ResMed,reports,Health Care,Health Care Equipment,"San Diego, California",2017-07-26,0000943819,1989
398,RHI,Robert Half International,reports,Industrials,Human Resource & Employment Services,"Menlo Park, California",2000-12-05,0000315213,1948
399,ROK,Rockwell Automation Inc.,reports,Industrials,Electrical Components & Equipment,"Milwaukee, Wisconsin",,0001024478,1903
400,ROL,Rollins Inc.,reports,Industrials,Environmental & Facilities Services,"Atlanta, Georgia",2018-10-01,0000084839,1948
401,ROP,Roper Technologies,reports,Industrials,Industrial Conglomerates,"Sarasota, Florida",2009-12-23,0000882835,
402,ROST,Ross Stores,reports,Consumer Discretionary,Apparel Retail,"Dublin, California",2009-12-21,0000745732,1982
403,RCL,Royal Caribbean Group,reports,Consumer Discretionary,"Hotels, Resorts & Cruise Lines","Miami, Florida",2014-12-05,0000884887,1997
404,SPGI,"S&P Global, Inc.",reports,Financials,Financial Exchanges & Data,"New York, New York",,0000064040,1917
405,CRM,Salesforce.com,reports,Information Technology,Application Software,"San Francisco, California",2008-09-15,0001108524,1999
406,SBAC,SBA Communications,reports,Real Estate,Specialized REITs,"Boca Raton, Florida",2017-09-01,0001034054,1989
407,SLB,Schlumberger Ltd.,reports,Energy,Oil & Gas Equipment & Services,"Curaçao, Kingdom of the Netherlands",1965-03-31,0000087347,1926
408,STX,Seagate Technology,reports,Information Technology,"Technology Hardware, Storage & Peripherals","Dublin, Ireland",2012-07-02,0001137789,1979
409,SEE,Sealed Air,reports,Materials,Paper Packaging,"Charlotte, North Carolina",1957-03-04,0001012100,1960
410,SRE,Sempra Energy,reports,Utilities,Multi-Utilities,"San Diego, California",,0001032208,1998
411,NOW,ServiceNow,reports,Information Technology,Systems Software,"Santa Clara, California",2019-11-21,0001373715,2003
412,SHW,Sherwin-Williams,reports,Materials,Specialty Chemicals,"Cleveland, Ohio",1964-06-30,0000089800,1866
413,SPG,Simon Property Group Inc,reports,Real Estate,Retail REITs,"Indianapolis, Indiana",2002-06-26,0001063761,2003
414,SWKS,Skyworks Solutions,reports,Information Technology,Semiconductors,"Woburn, Massachusetts",2015-03-12,0000004127,2002
415,SLG,SL Green Realty,reports,Real Estate,Office REITs,"New York, New York",2015-03-20,0001040971,1997
416,SNA,Snap-on,reports,Industrials,Industrial Machinery,"Kenosha, Wisconsin",1982-09-30,0000091440,1920
417,SO,Southern Company,reports,Utilities,Electric Utilities,"Atlanta, Georgia",1957-03-04,0000092122,1945
418,LUV,Southwest Airlines,reports,Industrials,Airlines,"Dallas, Texas",1994-07-01,0000092380,1967
419,SWK,Stanley Black & Decker,reports,Industrials,Industrial Machinery,"New Britain, Connecticut",1982-09-30,0000093556,1843
420,SBUX,Starbucks Corp.,reports,Consumer Discretionary,Restaurants,"Seattle, Washington",,0000829224,1971
421,STT,State Street Corp.,reports,Financials,Asset Management & Custody Banks,"Boston, Massachusetts",,0000093751,1792
422,STE,STERIS plc,reports,Health Care,Health Care Equipment,"Dublin, Ireland",2019-12-23,0001757898,1985
423,SYK,Stryker Corp.,reports,Health Care,Health Care Equipment,"Kalamazoo, Michigan",2000-12-12,0000310764,1941
424,SIVB,SVB Financial,reports,Financials,Regional Banks,"Santa Clara, California",2018-03-19,0000719739,1983
425,SYF,Synchrony Financial,reports,Financials,Consumer Finance,"Stamford, Connecticut",2015-11-18,0001601712,2003
426,SNPS,Synopsys Inc.,reports,Information Technology,Application Software,"Mountain View, California",2017-03-16,0000883241,1986
427,SYY,Sysco Corp.,reports,Consumer Staples,Food Distributors,"Houston, Texas",1986-12-31,0000096021,1969
428,TMUS,T-Mobile US,reports,Communication Services,Wireless Telecommunication Services,"Bellevue, Washington",2019-07-15,0001283699,1994
429,TROW,T. Rowe Price Group,reports,Financials,Asset Management & Custody Banks,"Baltimore, Maryland",,0001113169,1937
430,TTWO,Take-Two Interactive,reports,Communication Services,Interactive Home Entertainment,"New York, New York",2018-03-19,0000946581,1993
431,TPR,"Tapestry, Inc.",reports,Consumer Discretionary,"Apparel, Accessories & Luxury Goods","New York, New York",,0001116132,2017
432,TGT,Target Corp.,reports,Consumer Discretionary,General Merchandise Stores,"Minneapolis, Minnesota",1976-12-31,0000027419,1902
433,TEL,TE Connectivity Ltd.,reports,Information Technology,Electronic Manufacturing Services,"Schaffhausen, Switzerland",2011-10-17,0001385157,2007
434,FTI,TechnipFMC,reports,Energy,Oil & Gas Equipment & Services,"London, United Kingdom",2009-06-05,0001681459,2017 (1958)
435,TDY,Teledyne Technologies,reports,Industrials,Aerospace & Defense,"Thousand Oaks, California",2020-06-22,0001094285,1960
436,TFX,Teleflex,reports,Health Care,Health Care Equipment,"Wayne, Pennsylvania",2019-01-18,0000096943,1943
437,TER,Teradyne,reports,Information Technology,Semiconductor Equipment,"North Reading, Massachusetts",2020-09-21,0000097210,1960
438,TXN,Texas Instruments,reports,Information Technology,Semiconductors,"Dallas, Texas",,0000097476,1930
439,TXT,Textron Inc.,reports,Industrials,Aerospace & Defense,"Providence, Rhode Island",1978-12-31,0000217346,1923
440,TMO,Thermo Fisher Scientific,reports,Health Care,Life Sciences Tools & Services,"Waltham, Massachusetts",,0000097745,2006 (1902)
441,TIF,Tiffany & Co.,reports,Consumer Discretionary,"Apparel, Accessories & Luxury Goods","New York, New York",2000-06-21,0000098246,1837
442,TJX,TJX Companies Inc.,reports,Consumer Discretionary,Apparel Retail,"Framingham, Massachusetts",1985-09-30,0000109198,1987
443,TSCO,Tractor Supply Company,reports,Consumer Discretionary,Specialty Stores,"Brentwood, Tennessee",2014-01-24,0000916365,1938
444,TT,Trane Technologies plc,reports,Industrials,Building Products,"Dublin, Ireland",2010-11-17,0001466258,1871
445,TDG,TransDigm Group,reports,Industrials,Aerospace & Defense,"Cleveland, Ohio",2016-06-03,0001260221,1993
446,TRV,The Travelers Companies Inc.,reports,Financials,Property & Casualty Insurance,"New York, New York",2002-08-21,0000086312,1853
447,TFC,Truist Financial,reports,Financials,Regional Banks,"Charlotte, North Carolina",1997-12-04,0000092230,1872
448,TWTR,"Twitter, Inc.",reports,Communication Services,Interactive Media & Services,"San Francisco, California",2018-06-07,0001418091,2006
449,TYL,Tyler Technologies,reports,Information Technology,Application Software,"Plano, Texas",2020-06-22,0000860731,1966
450,TSN,Tyson Foods,reports,Consumer Staples,Packaged Foods & Meats,"Springdale, Arkansas",,0000100493,1935
451,UDR,"UDR, Inc.",reports,Real Estate,Residential REITs,"Highlands Ranch, Colorado",2016-03-07,0000074208,1972
452,ULTA,Ulta Beauty,reports,Consumer Discretionary,Specialty Stores,"Bolingbrook, Illinois",2016-04-18,0001403568,1990
453,USB,U.S. Bancorp,reports,Financials,Diversified Banks,"Minneapolis, Minnesota",,0000036104,1968
454,UAA,Under Armour (Class A),reports,Consumer Discretionary,"Apparel, Accessories & Luxury Goods","Baltimore, Maryland",2014-05-01,0001336917,1996
455,UA,Under Armour (Class C),reports,Consumer Discretionary,"Apparel, Accessories & Luxury Goods","Baltimore, Maryland",2016-04-08,0001336917,1996
456,UNP,Union Pacific Corp,reports,Industrials,Railroads,"Omaha, Nebraska",1957-03-04,0000100885,1862
457,UAL,United Airlines Holdings,reports,Industrials,Airlines,"Chicago, Illinois",2015-09-03,0000100517,1967
458,UNH,UnitedHealth Group Inc.,reports,Health Care,Managed Health Care,"Minnetonka, Minnesota",1994-07-01,0000731766,1977
459,UPS,United Parcel Service,reports,Industrials,Air Freight & Logistics,"Atlanta, Georgia",2002-07-22,0001090727,1907
460,URI,"United Rentals, Inc.",reports,Industrials,Trading Companies & Distributors,"Stamford, Connecticut",2014-09-20,0001067701,1997
461,UHS,Universal Health Services,reports,Health Care,Health Care Facilities,"King of Prussia, Pennsylvania",2014-09-20,0000352915,1979
462,UNM,Unum Group,reports,Financials,Life & Health Insurance,"Chattanooga, Tennessee",1994-03-01,0000005513,1999
463,VLO,Valero Energy,reports,Energy,Oil & Gas Refining & Marketing,"San Antonio, Texas",,0001035002,1980
464,VAR,Varian Medical Systems,reports,Health Care,Health Care Equipment,"Palo Alto, California",2007-02-12,0000203527,1948
465,VTR,Ventas Inc,reports,Real Estate,Health Care REITs,"Chicago, Illinois",2009-03-04,0000740260,1998
466,VRSN,Verisign Inc.,reports,Information Technology,Internet Services & Infrastructure,"Dulles, Virginia",2006-02-01,0001014473,1995
467,VRSK,Verisk Analytics,reports,Industrials,Research & Consulting Services,"Jersey City, New Jersey",2015-10-08,0001442145,1971
468,VZ,Verizon Communications,reports,Communication Services,Integrated Telecommunication Services,"New York, New York",1983-11-30,0000732712,1983 (1877)
469,VRTX,Vertex Pharmaceuticals Inc,reports,Health Care,Biotechnology,"Cambridge, Massachusetts",2013-09-23,0000875320,1989
470,VFC,VF Corporation,reports,Consumer Discretionary,"Apparel, Accessories & Luxury Goods","Greensboro, North Carolina",1979-06-30,0000103379,1899
471,VIAC,ViacomCBS,reports,Communication Services,Movies & Entertainment,"New York, New York",,0000813828,2019 (1952)
472,VTRS,Viatris,reports,Health Care,Pharmaceuticals,"Pittsburgh, Pennsylvania",2004-04-23,0001792044,1961
473,V,Visa Inc.,reports,Information Technology,Data Processing & Outsourced Services,"San Francisco, California",2009-12-21,0001403161,1958
474,VNT,Vontier,reports,Information Technology,Electronic Equipment & Instruments,"Raleigh, North Carolina",2020-10-09,0001786842,2019
475,VNO,Vornado Realty Trust,reports,Real Estate,Office REITs,"New York, New York",,0000899689,1982
476,VMC,Vulcan Materials,reports,Materials,Construction Materials,"Birmingham, Alabama",1999-06-30,0001396009,1909
477,WRB,W. R. Berkley Corporation,reports,Financials,Property & Casualty Insurance,"Greenwich, Connecticut",2019-12-05,0000011544,1967
478,WAB,Westinghouse Air Brake Technologies Corp,reports,Industrials,Construction Machinery & Heavy Trucks,"Wilmerding, Pennsylvania",2019-02-27,0000943452,1999 (1869)
479,WMT,Walmart,reports,Consumer Staples,Hypermarkets & Super Centers,"Bentonville, Arkansas",1982-08-31,0000104169,1962
480,WBA,Walgreens Boots Alliance,reports,Consumer Staples,Drug Retail,"Deerfield, Illinois",1979-12-31,0001618921,2014
481,DIS,The Walt Disney Company,reports,Communication Services,Movies & Entertainment,"Burbank, California",1976-06-30,0001744489,1923
482,WM,Waste Management Inc.,reports,Industrials,Environmental & Facilities Services,"Houston, Texas",,0000823768,1968
483,WAT,Waters Corporation,reports,Health Care,Health Care Distributors,"Milford, Massachusetts",,0001000697,1958
484,WEC,WEC Energy Group,reports,Utilities,Electric Utilities,"Milwaukee, Wisconsin",2008-10-31,0000783325,1896
485,WFC,Wells Fargo,reports,Financials,Diversified Banks,"San Francisco, California",1976-06-30,0000072971,1852
486,WELL,Welltower Inc.,reports,Real Estate,Health Care REITs,"Toledo, Ohio",2009-01-30,0000766704,1970
487,WST,West Pharmaceutical Services,reports,Health Care,Health Care Supplies,"Exton, Pennsylvania",2020-05-22,0000105770,1923
488,WDC,Western Digital,reports,Information Technology,"Technology Hardware, Storage & Peripherals","San Jose, California",2009-07-01,0000106040,1970
489,WU,Western Union Co,reports,Information Technology,Data Processing & Outsourced Services,"Englewood, Colorado",2006-09-29,0001365135,1851
490,WRK,WestRock,reports,Materials,Paper Packaging,"Atlanta, Georgia",,0001732845,2015
491,WY,Weyerhaeuser,reports,Real Estate,Specialized REITs,"Federal Way, Washington",,0000106535,1900
492,WHR,Whirlpool Corp.,reports,Consumer Discretionary,Household Appliances,"Benton Harbor, Michigan",,0000106640,1911
493,WMB,Williams Companies,reports,Energy,Oil & Gas Storage & Transportation,"Tulsa, Oklahoma",1975-03-31,0000107263,1908
494,WLTW,Willis Towers Watson,reports,Financials,Insurance Brokers,"London, United Kingdom",2016-01-05,0001140536,2016
495,WYNN,Wynn Resorts Ltd,reports,Consumer Discretionary,Casinos & Gaming,"Paradise, Nevada",2008-11-14,0001174922,2002
496,XEL,Xcel Energy Inc,reports,Utilities,Multi-Utilities,"Minneapolis, Minnesota",1957-03-04,0000072903,1909
497,XRX,Xerox,reports,Information Technology,"Technology Hardware, Storage & Peripherals","Norwalk, Connecticut",,0001770450,1906
498,XLNX,Xilinx,reports,Information Technology,Semiconductors,"San Jose, California",1999-11-08,0000743988,1984
499,XYL,Xylem Inc.,reports,Industrials,Industrial Machinery,"White Plains, New York",2011-11-01,0001524472,2011
500,YUM,Yum! Brands Inc,reports,Consumer Discretionary,Restaurants,"Louisville, Kentucky",1997-10-06,0001041061,1997
501,ZBRA,Zebra Technologies,reports,Information Technology,Electronic Equipment & Instruments,"Lincolnshire, Illinois",2019-12-23,0000877212,1969
502,ZBH,Zimmer Biomet,reports,Health Care,Health Care Equipment,"Warsaw, Indiana",2001-08-07,0001136869,1927
503,ZION,Zions Bancorp,reports,Financials,Regional Banks,"Salt Lake City, Utah",2001-06-22,0000109380,1873
504,ZTS,Zoetis,reports,Health Care,Pharmaceuticals,"Florham Park, New Jersey",2013-06-21,0001555280,1952
